month,source,solar_mwh,grid_ef_tco2_per_mwh,tco2_avoided
2024-01,solar_farm,4214.0,0.4999,2106.6
2024-01,customer_solar,495.2,0.4999,247.6
2024-02,solar_farm,4496.8,0.4999,2248.0
2024-02,customer_solar,620.5,0.4999,310.2
2024-03,solar_farm,4880.2,0.4999,2439.6
2024-03,customer_solar,725.4,0.4999,362.6
2024-04,solar_farm,4710.9,0.4999,2355.0
2024-04,customer_solar,831.0,0.4999,415.4
2024-05,solar_farm,4692.9,0.4999,2346.0
2024-05,customer_solar,881.7,0.4999,440.8
2024-06,solar_farm,4601.1,0.4999,2300.1
2024-06,customer_solar,1020.2,0.4999,510.0
2024-07,solar_farm,4441.7,0.4999,2220.4
2024-07,customer_solar,1014.3,0.4999,507.0
2024-08,solar_farm,3879.2,0.4999,1939.2
2024-08,customer_solar,979.4,0.4999,489.6
2024-09,solar_farm,3790.6,0.4999,1894.9
2024-09,customer_solar,1074.0,0.4999,536.9
2024-10,solar_farm,3801.2,0.4999,1900.2
2024-10,customer_solar,1169.1,0.4999,584.4
2024-11,solar_farm,3857.8,0.4999,1928.5
2024-11,customer_solar,1309.4,0.4999,654.6
2024-12,solar_farm,4028.2,0.4999,2013.7
2024-12,customer_solar,1408.6,0.4999,704.2
2025-01,solar_farm,4375.6,0.4999,2187.4
2025-01,customer_solar,1685.4,0.4999,842.5
2025-02,solar_farm,4786.3,0.4999,2392.7
2025-02,customer_solar,1980.9,0.4999,990.3
2025-03,solar_farm,4945.8,0.4999,2472.4
2025-03,customer_solar,2345.7,0.4999,1172.6
2025-04,solar_farm,5129.1,0.4999,2564.0
2025-04,customer_solar,2622.1,0.4999,1310.8
2025-05,solar_farm,5161.4,0.4999,2580.2
2025-05,customer_solar,2639.0,0.4999,1319.2
2025-06,solar_farm,4941.0,0.4999,2470.0
2025-06,customer_solar,2611.5,0.4999,1305.5
2025-07,solar_farm,4513.8,0.4999,2256.4
2025-07,customer_solar,2826.2,0.4999,1412.8
2025-08,solar_farm,4290.3,0.4999,2144.7
2025-08,customer_solar,2783.5,0.4999,1391.5
2025-09,solar_farm,4093.5,0.4999,2046.3
2025-09,customer_solar,2892.8,0.4999,1446.1
2025-10,solar_farm,4010.6,0.4999,2004.9
2025-10,customer_solar,2988.8,0.4999,1494.1
2025-11,solar_farm,4069.8,0.4999,2034.5
2025-11,customer_solar,3084.6,0.4999,1542.0
2025-12,solar_farm,4226.7,0.4999,2112.9
2025-12,customer_solar,3570.0,0.4999,1784.6
