year,segment,segment_th,projects,kw_installed,avg_system_kw,price_thb_per_w,revenue_mthb
2024,homeowner,เจ้าของบ้าน,489,2445,5,38,92.91
2024,sme,ร้านค้าและ SMEs,111,2222,20,33,73.31
2024,small_factory,โรงงานขนาดเล็ก,24,2871,120,28,80.38
2024,office,อาคารสำนักงาน,22,1777,80,30,53.32
2024,government,หน่วยงานราชการหรือโรงเรียน,27,1069,40,32,34.21
2025,homeowner,เจ้าของบ้าน,800,4001,5,38,152.05
2025,sme,ร้านค้าและ SMEs,214,4278,20,33,141.17
2025,small_factory,โรงงานขนาดเล็ก,54,6487,120,28,181.63
2025,office,อาคารสำนักงาน,43,3422,80,30,102.67
2025,government,หน่วยงานราชการหรือโรงเรียน,52,2062,40,32,66.0
