month,segment,revenue_mthb,kw_installed
2024-01,homeowner,6.39,168.2
2024-01,sme,4.69,142.0
2024-01,small_factory,4.69,167.4
2024-01,office,3.41,113.6
2024-01,government,1.37,42.8
2024-02,homeowner,6.33,166.6
2024-02,sme,4.7,142.4
2024-02,small_factory,4.77,170.4
2024-02,office,3.42,113.9
2024-02,government,1.37,42.9
2024-03,homeowner,6.66,175.3
2024-03,sme,5.0,151.5
2024-03,small_factory,5.16,184.3
2024-03,office,3.64,121.2
2024-03,government,1.46,45.7
2024-04,homeowner,7.39,194.6
2024-04,sme,5.62,170.2
2024-04,small_factory,5.88,210.1
2024-04,office,4.09,136.2
2024-04,government,1.64,51.3
2024-05,homeowner,7.65,201.4
2024-05,sme,5.88,178.3
2024-05,small_factory,6.26,223.4
2024-05,office,4.28,142.6
2024-05,government,1.72,53.7
2024-06,homeowner,7.99,210.3
2024-06,sme,6.22,188.5
2024-06,small_factory,6.71,239.8
2024-06,office,4.52,150.8
2024-06,government,1.82,56.8
2024-07,homeowner,6.85,180.3
2024-07,sme,5.4,163.7
2024-07,small_factory,5.91,211.2
2024-07,office,3.93,130.9
2024-07,government,5.52,172.6
2024-08,homeowner,7.23,190.3
2024-08,sme,5.77,174.9
2024-08,small_factory,6.41,228.9
2024-08,office,4.2,139.9
2024-08,government,5.9,184.4
2024-09,homeowner,7.83,206.0
2024-09,sme,6.33,191.7
2024-09,small_factory,7.13,254.5
2024-09,office,4.6,153.4
2024-09,government,6.47,202.2
2024-10,homeowner,9.59,252.3
2024-10,sme,7.85,237.9
2024-10,small_factory,8.97,320.3
2024-10,office,5.71,190.3
2024-10,government,2.29,71.7
2024-11,homeowner,9.23,243.0
2024-11,sme,7.66,232.1
2024-11,small_factory,8.87,316.8
2024-11,office,5.57,185.7
2024-11,government,2.24,69.9
2024-12,homeowner,9.76,256.7
2024-12,sme,8.2,248.5
2024-12,small_factory,9.63,343.8
2024-12,office,5.96,198.8
2024-12,government,2.4,74.9
2025-01,homeowner,11.28,296.7
2025-01,sme,9.61,291.1
2025-01,small_factory,11.43,408.1
2025-01,office,6.99,232.8
2025-01,government,2.81,87.7
2025-02,homeowner,10.62,279.6
2025-02,sme,9.17,278.0
2025-02,small_factory,11.06,395.0
2025-02,office,6.67,222.4
2025-02,government,2.68,83.8
2025-03,homeowner,11.46,301.7
2025-03,sme,10.04,304.1
2025-03,small_factory,12.26,437.8
2025-03,office,7.3,243.3
2025-03,government,2.93,91.6
2025-04,homeowner,11.11,292.4
2025-04,sme,9.86,298.9
2025-04,small_factory,12.2,435.8
2025-04,office,7.17,239.1
2025-04,government,2.88,90.1
2025-05,homeowner,11.74,308.9
2025-05,sme,10.57,320.3
2025-05,small_factory,13.24,473.0
2025-05,office,7.69,256.2
2025-05,government,3.09,96.5
2025-06,homeowner,12.16,320.0
2025-06,sme,11.11,336.6
2025-06,small_factory,14.09,503.3
2025-06,office,8.08,269.2
2025-06,government,3.25,101.4
2025-07,homeowner,12.29,323.4
2025-07,sme,11.39,345.1
2025-07,small_factory,14.63,522.4
2025-07,office,8.28,276.1
2025-07,government,11.65,363.9
2025-08,homeowner,11.22,295.3
2025-08,sme,10.55,319.8
2025-08,small_factory,13.72,490.2
2025-08,office,7.68,255.9
2025-08,government,10.79,337.3
2025-09,homeowner,12.5,329.0
2025-09,sme,11.94,361.7
2025-09,small_factory,15.71,561.1
2025-09,office,8.68,289.4
2025-09,government,12.21,381.5
2025-10,homeowner,15.29,402.3
2025-10,sme,14.82,449.0
2025-10,small_factory,19.74,704.9
2025-10,office,10.78,359.2
2025-10,government,4.33,135.3
2025-11,homeowner,16.19,425.9
2025-11,sme,15.93,482.8
2025-11,small_factory,21.48,767.0
2025-11,office,11.59,386.3
2025-11,government,4.66,145.5
2025-12,homeowner,16.19,426.0
2025-12,sme,16.19,490.5
2025-12,small_factory,22.07,788.3
2025-12,office,11.77,392.4
2025-12,government,4.73,147.8
