month,source,mwh
2024-01,solar_farm,4214.0
2024-01,customer_solar,495.2
2024-01,gas_plant,2550.6
2024-02,solar_farm,4496.8
2024-02,customer_solar,624.1
2024-02,gas_plant,2683.2
2024-03,solar_farm,4880.2
2024-03,customer_solar,733.0
2024-03,gas_plant,2666.0
2024-04,solar_farm,4710.9
2024-04,customer_solar,842.9
2024-04,gas_plant,2938.6
2024-05,solar_farm,4692.9
2024-05,customer_solar,897.5
2024-05,gas_plant,2704.1
2024-06,solar_farm,4601.1
2024-06,customer_solar,1041.6
2024-06,gas_plant,2908.9
2024-07,solar_farm,4441.7
2024-07,customer_solar,1038.4
2024-07,gas_plant,2608.9
2024-08,solar_farm,3879.2
2024-08,customer_solar,1005.0
2024-08,gas_plant,2576.9
2024-09,solar_farm,3790.6
2024-09,customer_solar,1104.3
2024-09,gas_plant,2475.7
2024-10,solar_farm,3801.2
2024-10,customer_solar,1204.5
2024-10,gas_plant,2489.2
2024-11,solar_farm,3857.8
2024-11,customer_solar,1351.6
2024-11,gas_plant,2445.3
2024-12,solar_farm,4028.2
2024-12,customer_solar,1456.4
2024-12,gas_plant,2292.5
2025-01,solar_farm,4375.6
2025-01,customer_solar,1745.3
2025-01,gas_plant,2365.8
2025-02,solar_farm,4786.3
2025-02,customer_solar,2054.8
2025-02,gas_plant,2486.4
2025-03,solar_farm,4945.8
2025-03,customer_solar,2436.6
2025-03,gas_plant,2444.7
2025-04,solar_farm,5129.1
2025-04,customer_solar,2727.6
2025-04,gas_plant,2802.4
2025-05,solar_farm,5161.4
2025-05,customer_solar,2748.7
2025-05,gas_plant,2785.7
2025-06,solar_farm,4941.0
2025-06,customer_solar,2723.4
2025-06,gas_plant,2619.5
2025-07,solar_farm,4513.8
2025-07,customer_solar,2950.9
2025-07,gas_plant,2351.2
2025-08,solar_farm,4290.3
2025-08,customer_solar,2910.4
2025-08,gas_plant,2345.2
2025-09,solar_farm,4093.5
2025-09,customer_solar,3028.2
2025-09,gas_plant,2287.0
2025-10,solar_farm,4010.6
2025-10,customer_solar,3132.6
2025-10,gas_plant,2211.0
2025-11,solar_farm,4069.8
2025-11,customer_solar,3236.8
2025-11,gas_plant,2211.4
2025-12,solar_farm,4226.7
2025-12,customer_solar,3750.5
2025-12,gas_plant,2287.2
