month,segment,revenue_mthb
2024-01,installation,20.54
2024-01,ppa,24.35
2024-01,om_service,1.2
2024-02,installation,20.59
2024-02,ppa,26.0
2024-02,om_service,1.22
2024-03,installation,21.92
2024-03,ppa,27.54
2024-03,om_service,1.34
2024-04,installation,24.62
2024-04,ppa,27.64
2024-04,om_service,1.4
2024-05,installation,25.79
2024-05,ppa,26.73
2024-05,om_service,1.4
2024-06,installation,27.27
2024-06,ppa,26.96
2024-06,om_service,1.58
2024-07,installation,27.62
2024-07,ppa,25.62
2024-07,om_service,1.65
2024-08,installation,29.51
2024-08,ppa,23.11
2024-08,om_service,1.75
2024-09,installation,32.35
2024-09,ppa,22.97
2024-09,om_service,1.76
2024-10,installation,34.41
2024-10,ppa,22.29
2024-10,om_service,1.79
2024-11,installation,33.57
2024-11,ppa,22.3
2024-11,om_service,1.92
2024-12,installation,35.94
2024-12,ppa,22.71
2024-12,om_service,2.09
2025-01,installation,42.1
2025-01,ppa,24.43
2025-01,om_service,2.05
2025-02,installation,40.21
2025-02,ppa,25.7
2025-02,om_service,2.26
2025-03,installation,43.99
2025-03,ppa,26.99
2025-03,om_service,2.49
2025-04,installation,43.23
2025-04,ppa,28.31
2025-04,om_service,2.53
2025-05,installation,46.33
2025-05,ppa,28.62
2025-05,om_service,2.7
2025-06,installation,48.68
2025-06,ppa,27.56
2025-06,om_service,2.66
2025-07,installation,58.23
2025-07,ppa,24.35
2025-07,om_service,3.01
2025-08,installation,53.97
2025-08,ppa,23.61
2025-08,om_service,3.16
2025-09,installation,61.04
2025-09,ppa,23.16
2025-09,om_service,3.3
2025-10,installation,64.95
2025-10,ppa,22.83
2025-10,om_service,3.24
2025-11,installation,69.84
2025-11,ppa,22.91
2025-11,om_service,3.54
2025-12,installation,70.95
2025-12,ppa,23.66
2025-12,om_service,3.65
